{
  "iri": "c7cb05a7-cfab-41cc-9e38-f56382c2ffad",
  "types": [
    "http://dataspecer.com/resources/local/package"
  ],
  "userMetadata": {
    "label": {
      "en": "DataCite"
    },
    "description": {
      "en": "RDF Vocabulary for DataCIte metadata profile."
    }
  },
  "metadata": {
    "creationDate": "2025-02-26T14:27:07.099Z",
    "modificationDate": "2025-06-23T07:25:18.057Z"
  },
  "_version": 1,
  "_exportVersion": 1,
  "_exportedAt": "2025-06-23T07:25:23.385Z",
  "_exportedBy": "http://localhost:3100"
}