{
  "iri": "c7cb05a7-cfab-41cc-9e38-f56382c2ffad",
  "types": [
    "http://dataspecer.com/resources/local/package"
  ],
  "userMetadata": {
    "label": {
      "en": "DataCite"
    },
    "description": {
      "en": "RDF Vocabulary for DataCIte metadata profile."
    }
  },
  "metadata": {
    "creationDate": "2025-06-23T07:39:43.065Z",
    "modificationDate": "2025-06-24T11:34:59.870Z"
  },
  "_version": 1,
  "_exportVersion": 1,
  "_exportedAt": "2025-06-24T11:35:46.144Z",
  "_exportedBy": "http://localhost:3100"
}