{
  "identifier": "ed1a6600-d680-45fc-befb-3728afbafdf2",
  "version": 1,
  "type": "http://dataspecer.com/resources/local/visual-model",
  "entities": [
    {
      "identifier": "ed1a6600-d680-45fc-befb-3728afbafdf2-model-metadata-entity",
      "type": [
        "entity-model-type"
      ],
      "label": {
        "en": "Main view"
      }
    },
    {
      "type": [
        "http://dataspecer.com/resources/local/visual-model"
      ],
      "representedModel": "ed59d1b5-3bcf-42a9-b501-a79ec86aa87b",
      "color": "#ffb770",
      "identifier": "quajf"
    },
    {
      "model": "ed59d1b5-3bcf-42a9-b501-a79ec86aa87b",
      "representedEntity": "f6143h7hn0bm7m0g114",
      "position": {
        "x": 220,
        "y": 530
      },
      "content": [
        "1rpjym23g9ajm7m0gocd",
        "16sel6909gxm7m0iqmk",
        "1g1goti7aarm7m0jamw",
        "e4kvjtsau9lm7m0k0s4",
        "6iyy1wklncim7m4btem",
        "39u25byu1p2m7m4rvv3",
        "bh0z85gh3gkm7m4s7ej",
        "5fkzhiys96sm7m4slm7"
      ],
      "visualModels": [],
      "type": [
        "visual-node"
      ],
      "identifier": "i7uhs"
    },
    {
      "model": "ed59d1b5-3bcf-42a9-b501-a79ec86aa87b",
      "representedEntity": "7cijvatwzl7m7m0qy8s",
      "position": {
        "x": 910,
        "y": 840
      },
      "content": [
        "h75hhy08uem7om8cc1",
        "182h1pb0r2bm7om94g0",
        "m5dhf9lu3jm7om9zhb",
        "yifp47zv3vm7omaig8"
      ],
      "visualModels": [],
      "type": [
        "visual-node"
      ],
      "identifier": "r20gn"
    },
    {
      "model": "ed59d1b5-3bcf-42a9-b501-a79ec86aa87b",
      "representedEntity": "djlhxtsfprmm7m0rd5z",
      "position": {
        "x": -470,
        "y": 690
      },
      "content": [
        "g48lkm4c6r8m7n50rmr",
        "w94j69zu1lm7n51ijw",
        "wat0maikb37m7n51vla",
        "ovkk3chw4bom7n52881",
        "u8q1kuf9auem7n52s3r",
        "k9ctjm96syam7n540xw",
        "4oaunq5m0vym7n54xrw",
        "qxq9y986p2m7n55iwl",
        "r88fu54miham7n565ec",
        "9om0rn2iy24m7n56oco",
        "tzq9xe08r0lm7n57boo"
      ],
      "visualModels": [],
      "type": [
        "visual-node"
      ],
      "identifier": "2eigu"
    },
    {
      "model": "ed59d1b5-3bcf-42a9-b501-a79ec86aa87b",
      "representedEntity": "0ill8tba91qm7m0rxb4",
      "position": {
        "x": 800,
        "y": 1090
      },
      "content": [
        "nimcb5o0bhm7n96jql",
        "0a2po2w830lhm7n978a8",
        "f2dbz3htsd9m7n97sh7"
      ],
      "visualModels": [],
      "type": [
        "visual-node"
      ],
      "identifier": "63quci"
    },
    {
      "model": "ed59d1b5-3bcf-42a9-b501-a79ec86aa87b",
      "representedEntity": "jx3vcosfqtgm7m0us7b",
      "position": {
        "x": 160,
        "y": 990
      },
      "content": [
        "s0wwgzn2da8m7n98gi1",
        "qdeuncay8d9m7n99l2m",
        "60rovosk0i3m7n9afv0",
        "o8ju9gg3w8rm7n9b16g",
        "olhucdpw5tem7n9bltr",
        "w3ro5xlghdqm7n9cxxf",
        "cl641suf5ctm7n9do5h",
        "dq8h7dp4reem7n9ebyy",
        "95vvc03mnkwm7n9eu59",
        "m04dwravi9mm7n9frf4",
        "jgnyzvawn9m7n9gadj"
      ],
      "visualModels": [],
      "type": [
        "visual-node"
      ],
      "identifier": "0lb44h"
    },
    {
      "model": "ed59d1b5-3bcf-42a9-b501-a79ec86aa87b",
      "representedEntity": "7gi3w7w8xzm7m0z1ft",
      "position": {
        "x": 930,
        "y": 640
      },
      "content": [
        "1aybzdcwg4im7m14hyg",
        "28vggxo8k14m7m15lub",
        "w6t4rsm03xgm7m43lkc"
      ],
      "visualModels": [],
      "type": [
        "visual-node"
      ],
      "identifier": "ay5j6"
    },
    {
      "model": "ed59d1b5-3bcf-42a9-b501-a79ec86aa87b",
      "representedRelationship": "6mj86p8gw48m7m440au",
      "waypoints": [],
      "visualSource": "i7uhs",
      "visualTarget": "2eigu",
      "type": [
        "visual-relationship"
      ],
      "identifier": "7d41c"
    },
    {
      "model": "ed59d1b5-3bcf-42a9-b501-a79ec86aa87b",
      "representedRelationship": "gj0yj1o4clrm7m446lv",
      "waypoints": [],
      "visualSource": "i7uhs",
      "visualTarget": "ay5j6",
      "type": [
        "visual-relationship"
      ],
      "identifier": "v0121"
    },
    {
      "model": "ed59d1b5-3bcf-42a9-b501-a79ec86aa87b",
      "representedRelationship": "x1olsj2palm7m44e55",
      "waypoints": [],
      "visualSource": "i7uhs",
      "visualTarget": "0lb44h",
      "type": [
        "visual-relationship"
      ],
      "identifier": "om3i6"
    },
    {
      "model": "ed59d1b5-3bcf-42a9-b501-a79ec86aa87b",
      "representedRelationship": "p0ekzz4en1m7m44m23",
      "waypoints": [],
      "visualSource": "i7uhs",
      "visualTarget": "63quci",
      "type": [
        "visual-relationship"
      ],
      "identifier": "5hhnc"
    },
    {
      "model": "ed59d1b5-3bcf-42a9-b501-a79ec86aa87b",
      "representedEntity": "vpkwqdt0x48m7m4igh9",
      "position": {
        "x": 800,
        "y": 380
      },
      "content": [
        "9lzmgoduywpm7m4jaqe"
      ],
      "visualModels": [],
      "type": [
        "visual-node"
      ],
      "identifier": "6eg5o"
    },
    {
      "model": "ed59d1b5-3bcf-42a9-b501-a79ec86aa87b",
      "representedRelationship": "2t2n3pgc7ejm7m4ir5b",
      "waypoints": [],
      "visualSource": "i7uhs",
      "visualTarget": "6eg5o",
      "type": [
        "visual-relationship"
      ],
      "identifier": "hli1t"
    },
    {
      "model": "ed59d1b5-3bcf-42a9-b501-a79ec86aa87b",
      "representedEntity": "e8c0ncmdykgm7m4jxgr",
      "position": {
        "x": 640,
        "y": 1300
      },
      "content": [
        "025ae2cc2o4sm7m4l76u",
        "wt0jzxe177hm7m4lygz",
        "b5cqyin8lsqm7m4o4ii",
        "fvdkuxxfrhsm7m4ovf3",
        "mpkgeozsufkm7m4pml8",
        "k6tb3kmz86em7m4rbwh"
      ],
      "visualModels": [],
      "type": [
        "visual-node"
      ],
      "identifier": "h29yy"
    },
    {
      "model": "ed59d1b5-3bcf-42a9-b501-a79ec86aa87b",
      "representedRelationship": "fc515hxq9wlm7m4k6cy",
      "waypoints": [],
      "visualSource": "i7uhs",
      "visualTarget": "h29yy",
      "type": [
        "visual-relationship"
      ],
      "identifier": "x5284"
    },
    {
      "model": "ed59d1b5-3bcf-42a9-b501-a79ec86aa87b",
      "representedEntity": "ocqvgt6r5wm7m4tjdj",
      "position": {
        "x": 460,
        "y": 180
      },
      "content": [
        "bbtxf9zxyn7m7m4ubus",
        "dvpq5f2m134m7m4ux2s",
        "9nahtdx9oo8m7m4vbnk",
        "unlmpq8xnyfm7m4wzw0"
      ],
      "visualModels": [],
      "type": [
        "visual-node"
      ],
      "identifier": "zxyxg"
    },
    {
      "model": "ed59d1b5-3bcf-42a9-b501-a79ec86aa87b",
      "representedRelationship": "614izx8eumvm7m4tsok",
      "waypoints": [],
      "visualSource": "i7uhs",
      "visualTarget": "zxyxg",
      "type": [
        "visual-relationship"
      ],
      "identifier": "b8vlk"
    },
    {
      "model": "ed59d1b5-3bcf-42a9-b501-a79ec86aa87b",
      "representedEntity": "nt1xjec9t1lm7m5icv8",
      "position": {
        "x": 100,
        "y": 40
      },
      "content": [
        "5drys1pzgnem7m5ka20",
        "kjkza2p2v1m7m5kyup"
      ],
      "visualModels": [],
      "type": [
        "visual-node"
      ],
      "identifier": "2xi3o"
    },
    {
      "model": "ed59d1b5-3bcf-42a9-b501-a79ec86aa87b",
      "representedRelationship": "874nlxm46lrm7m5jptl",
      "waypoints": [],
      "visualSource": "i7uhs",
      "visualTarget": "2xi3o",
      "type": [
        "visual-relationship"
      ],
      "identifier": "xiboj"
    },
    {
      "model": "ed59d1b5-3bcf-42a9-b501-a79ec86aa87b",
      "representedEntity": "mrdk1vfahpm7m5lk4m",
      "position": {
        "x": -170,
        "y": 250
      },
      "content": [
        "17q3rf9ur5tm7opspp5"
      ],
      "visualModels": [],
      "type": [
        "visual-node"
      ],
      "identifier": "0bjx0f"
    },
    {
      "model": "ed59d1b5-3bcf-42a9-b501-a79ec86aa87b",
      "representedRelationship": "lvbx70r93enm7m5lwbn",
      "waypoints": [],
      "visualSource": "i7uhs",
      "visualTarget": "0bjx0f",
      "type": [
        "visual-relationship"
      ],
      "identifier": "wvaae"
    },
    {
      "model": "ed59d1b5-3bcf-42a9-b501-a79ec86aa87b",
      "representedEntity": "5d2zqjl8q0um7m6flcr",
      "position": {
        "x": -390,
        "y": 430
      },
      "content": [
        "6p4cy2m09x4m7otnba8",
        "79l9j3es45nm7otiwdy",
        "a1eol0sltnm7otmd6g",
        "belh6jsaj25m7otmtfs"
      ],
      "visualModels": [],
      "type": [
        "visual-node"
      ],
      "identifier": "ud9dv"
    },
    {
      "model": "ed59d1b5-3bcf-42a9-b501-a79ec86aa87b",
      "representedRelationship": "ied58cdnt3m7m6fwta",
      "waypoints": [],
      "visualSource": "i7uhs",
      "visualTarget": "ud9dv",
      "type": [
        "visual-relationship"
      ],
      "identifier": "lk6sa"
    },
    {
      "model": "ed59d1b5-3bcf-42a9-b501-a79ec86aa87b",
      "representedEntity": "yv5ma76w3om7m6gfxg",
      "position": {
        "x": -490,
        "y": 1190
      },
      "content": [
        "8iauavul3bmm7n22l7i",
        "fk1x2aeqe9m7n249y3",
        "b76hkkmossm7n2fv87",
        "d5yc0po8bxgm7n2h6fp",
        "gf12pfwx1ewm7n2hmxa",
        "kvkncih6wqm7n2i5o8",
        "oub8gr4o4cm7n2jngd",
        "r164i4ndivm7n2kbdh",
        "ywm0dtfhwlm7n2kmid",
        "dwdfi4pvfmrm7n2l846",
        "rcr1q3qmwdom7n2lnmp"
      ],
      "visualModels": [],
      "type": [
        "visual-node"
      ],
      "identifier": "cg4l8"
    },
    {
      "model": "ed59d1b5-3bcf-42a9-b501-a79ec86aa87b",
      "representedRelationship": "9k6papud37qm7m6gq3k",
      "waypoints": [],
      "visualSource": "i7uhs",
      "visualTarget": "cg4l8",
      "type": [
        "visual-relationship"
      ],
      "identifier": "9hgmu"
    },
    {
      "model": "ed59d1b5-3bcf-42a9-b501-a79ec86aa87b",
      "representedRelationship": "9qllw4t25v8m7n2c14y",
      "waypoints": [],
      "visualSource": "cg4l8",
      "visualTarget": "2eigu",
      "type": [
        "visual-relationship"
      ],
      "identifier": "5ebux"
    },
    {
      "model": "ed59d1b5-3bcf-42a9-b501-a79ec86aa87b",
      "representedRelationship": "c1jzs98zsbum7n2ebus",
      "waypoints": [],
      "visualSource": "cg4l8",
      "visualTarget": "h29yy",
      "type": [
        "visual-relationship"
      ],
      "identifier": "s07me"
    },
    {
      "model": "ed59d1b5-3bcf-42a9-b501-a79ec86aa87b",
      "representedRelationship": "xwjpovta1pmm7n2nura",
      "waypoints": [],
      "visualSource": "cg4l8",
      "visualTarget": "0lb44h",
      "type": [
        "visual-relationship"
      ],
      "identifier": "tqqwe"
    },
    {
      "model": "ed59d1b5-3bcf-42a9-b501-a79ec86aa87b",
      "representedRelationship": "fruccs03otrm7n2p3gx",
      "waypoints": [],
      "visualSource": "i7uhs",
      "visualTarget": "r20gn",
      "type": [
        "visual-relationship"
      ],
      "identifier": "ej82e"
    },
    {
      "model": "ed59d1b5-3bcf-42a9-b501-a79ec86aa87b",
      "representedEntity": "st3p3ugey58m7opm4p5",
      "position": {
        "x": -920,
        "y": -110
      },
      "content": [
        "bjo8dlt1qvmm7opo5z6",
        "judxttwvmxm7opokky"
      ],
      "visualModels": [],
      "type": [
        "visual-node"
      ],
      "identifier": "58r2j"
    },
    {
      "model": "ed59d1b5-3bcf-42a9-b501-a79ec86aa87b",
      "representedRelationship": "xtb9fwpptom7opnfua",
      "waypoints": [],
      "visualSource": "0bjx0f",
      "visualTarget": "58r2j",
      "type": [
        "visual-relationship"
      ],
      "identifier": "36npwf"
    },
    {
      "model": "ed59d1b5-3bcf-42a9-b501-a79ec86aa87b",
      "representedEntity": "ew0f7rmstcsm7opp37z",
      "position": {
        "x": -370,
        "y": -150
      },
      "content": [
        "aeyhrbwe2jm7oppolp",
        "eu1yblz0zkkm7opq51t",
        "uue9tiak31mm7opqnk8",
        "0jq1d5r5q2z7m7opr3de"
      ],
      "visualModels": [],
      "type": [
        "visual-node"
      ],
      "identifier": "jlebb"
    },
    {
      "model": "ed59d1b5-3bcf-42a9-b501-a79ec86aa87b",
      "representedRelationship": "1vejezwc1ythm7oprigi",
      "waypoints": [],
      "visualSource": "0bjx0f",
      "visualTarget": "jlebb",
      "type": [
        "visual-relationship"
      ],
      "identifier": "gfdkw"
    },
    {
      "model": "ed59d1b5-3bcf-42a9-b501-a79ec86aa87b",
      "representedEntity": "s2p4trrzhsm7opt6lr",
      "position": {
        "x": -900,
        "y": 140
      },
      "content": [],
      "visualModels": [],
      "type": [
        "visual-node"
      ],
      "identifier": "zyq85"
    },
    {
      "model": "ed59d1b5-3bcf-42a9-b501-a79ec86aa87b",
      "representedRelationship": "5a0okruvt4om7optm8w",
      "waypoints": [],
      "visualSource": "0bjx0f",
      "visualTarget": "zyq85",
      "type": [
        "visual-relationship"
      ],
      "identifier": "03j08"
    },
    {
      "model": "ed59d1b5-3bcf-42a9-b501-a79ec86aa87b",
      "representedRelationship": "93xutthv4u8m7opuqyq",
      "waypoints": [
        {
          "x": -820,
          "y": 170,
          "anchored": null
        }
      ],
      "visualSource": "zyq85",
      "visualTarget": "58r2j",
      "type": [
        "visual-relationship"
      ],
      "identifier": "x57of"
    },
    {
      "model": "ed59d1b5-3bcf-42a9-b501-a79ec86aa87b",
      "representedRelationship": "8lldoovc4hm7opw6xo",
      "waypoints": [
        {
          "x": -550,
          "y": 180,
          "anchored": null
        }
      ],
      "visualSource": "zyq85",
      "visualTarget": "58r2j",
      "type": [
        "visual-relationship"
      ],
      "identifier": "bmstsf"
    },
    {
      "model": "ed59d1b5-3bcf-42a9-b501-a79ec86aa87b",
      "representedEntity": "wzbwfxnbufgm7otjtgp",
      "position": {
        "x": -1040,
        "y": 270
      },
      "content": [
        "cud3alolqvlm7otk960",
        "v6ntfot0q6km7otkp2b"
      ],
      "visualModels": [],
      "type": [
        "visual-node"
      ],
      "identifier": "v255c"
    },
    {
      "model": "ed59d1b5-3bcf-42a9-b501-a79ec86aa87b",
      "representedRelationship": "xwzsgtzwgxnm7otl5x8",
      "waypoints": [],
      "visualSource": "ud9dv",
      "visualTarget": "v255c",
      "type": [
        "visual-relationship"
      ],
      "identifier": "ronenj"
    },
    {
      "model": "ed59d1b5-3bcf-42a9-b501-a79ec86aa87b",
      "representedEntity": "okuj1iq0w5omcivf18n",
      "position": {
        "x": 380,
        "y": -170,
        "anchored": null
      },
      "content": [],
      "visualModels": [],
      "type": [
        "visual-node"
      ],
      "identifier": "mu5qj"
    },
    {
      "model": "ed59d1b5-3bcf-42a9-b501-a79ec86aa87b",
      "representedRelationship": "smjru2f7n6mcivg038",
      "waypoints": [],
      "visualSource": "2xi3o",
      "visualTarget": "mu5qj",
      "type": [
        "visual-relationship"
      ],
      "identifier": "8v63si"
    }
  ]
}