{
  "iri": "ed1a6600-d680-45fc-befb-3728afbafdf2",
  "types": [
    "http://dataspecer.com/resources/local/visual-model"
  ],
  "userMetadata": {
    "label": {
      "en": "Main view"
    },
    "description": {
      "en": "View model for the vocabulary"
    }
  },
  "metadata": {
    "creationDate": "2025-06-23T07:39:43.503Z",
    "modificationDate": "2025-06-24T11:34:09.456Z"
  },
  "_version": 1,
  "_exportVersion": 1,
  "_exportedAt": "2025-06-24T11:35:46.113Z",
  "_exportedBy": "http://localhost:3100"
}