{
  "iri": "ed59d1b5-3bcf-42a9-b501-a79ec86aa87b",
  "types": [
    "http://dataspecer.com/resources/local/semantic-model"
  ],
  "userMetadata": {
    "label": {
      "en": "DataCite"
    },
    "description": {
      "en": "Semantic model for the vocabulary"
    }
  },
  "metadata": {
    "creationDate": "2025-06-23T07:39:43.259Z",
    "modificationDate": "2025-06-24T11:34:08.750Z"
  },
  "_version": 1,
  "_exportVersion": 1,
  "_exportedAt": "2025-06-24T11:35:46.111Z",
  "_exportedBy": "http://localhost:3100"
}