{
  "type": "http://dataspecer.com/resources/local/semantic-model",
  "modelId": "ed59d1b5-3bcf-42a9-b501-a79ec86aa87b",
  "modelAlias": "DataCite",
  "baseIri": "https://model.ccmm.cz/vocabulary/datacite/concept#",
  "entities": {
    "f6143h7hn0bm7m0g114": {
      "id": "f6143h7hn0bm7m0g114",
      "iri": "Resource",
      "type": [
        "class"
      ],
      "name": {
        "en": "Resource"
      },
      "description": {
        "en": "Root element of a single record. This wrapper element represents root element taken from XML implementation and is not defined in the DataCite DOI standard. RDF also needs a root element."
      }
    },
    "1rpjym23g9ajm7m0gocd": {
      "id": "1rpjym23g9ajm7m0gocd",
      "type": [
        "relationship"
      ],
      "iri": null,
      "name": {},
      "description": {},
      "ends": [
        {
          "name": {},
          "description": {},
          "concept": "f6143h7hn0bm7m0g114",
          "iri": null
        },
        {
          "name": {
            "en": "publication year"
          },
          "description": {
            "en": "The year when the data was or will be made publicly available. In the case of resources such as software or dynamic data where there may be multiple releases in one year, include the Date property and sub-properties (dateType/dateInformation) to provide more information about the publication or release date details."
          },
          "concept": "http://www.w3.org/2001/XMLSchema#date",
          "iri": "publicationYear"
        }
      ]
    },
    "16sel6909gxm7m0iqmk": {
      "id": "16sel6909gxm7m0iqmk",
      "type": [
        "relationship"
      ],
      "iri": null,
      "name": {},
      "description": {},
      "ends": [
        {
          "name": {},
          "description": {},
          "concept": "f6143h7hn0bm7m0g114",
          "iri": null
        },
        {
          "name": {
            "en": "identifier"
          },
          "description": {
            "en": "The Identifier is a unique string that identifies a resource. In DataCite, this MUST be a DIgital Object Identifier (DOI). The format should be 10.21384/foo."
          },
          "concept": "http://www.w3.org/2000/01/rdf-schema#Literal",
          "iri": "identifier"
        }
      ]
    },
    "1g1goti7aarm7m0jamw": {
      "id": "1g1goti7aarm7m0jamw",
      "type": [
        "relationship"
      ],
      "iri": null,
      "name": {},
      "description": {},
      "ends": [
        {
          "name": {},
          "description": {},
          "concept": "f6143h7hn0bm7m0g114",
          "iri": null
        },
        {
          "name": {
            "en": "title"
          },
          "description": {
            "en": "A name or title by which a resource is known. May be the title of a dataset or the name of a piece of software or an instrument."
          },
          "concept": "http://www.w3.org/2000/01/rdf-schema#Literal",
          "iri": "title"
        }
      ]
    },
    "e4kvjtsau9lm7m0k0s4": {
      "id": "e4kvjtsau9lm7m0k0s4",
      "type": [
        "relationship"
      ],
      "iri": null,
      "name": {},
      "description": {},
      "ends": [
        {
          "name": {},
          "description": {},
          "concept": "f6143h7hn0bm7m0g114",
          "iri": null
        },
        {
          "name": {
            "en": "alternative title"
          },
          "description": {},
          "concept": "http://www.w3.org/2000/01/rdf-schema#Literal",
          "iri": "alternativeTitle"
        }
      ]
    },
    "yweiahrpx9sm7m0nsif": {
      "id": "yweiahrpx9sm7m0nsif",
      "type": [
        "relationship"
      ],
      "iri": null,
      "name": {},
      "description": {},
      "ends": [
        {
          "name": {},
          "description": {},
          "concept": "f6143h7hn0bm7m0g114",
          "iri": null
        },
        {
          "name": {
            "en": "subtitle"
          },
          "description": {},
          "concept": "http://www.w3.org/2000/01/rdf-schema#Literal",
          "iri": "subtitle"
        }
      ]
    },
    "f9ousdnnw1m7m0o2ig": {
      "id": "f9ousdnnw1m7m0o2ig",
      "type": [
        "relationship"
      ],
      "iri": null,
      "name": {},
      "description": {},
      "ends": [
        {
          "name": {},
          "description": {},
          "concept": "f6143h7hn0bm7m0g114",
          "iri": null
        },
        {
          "name": {
            "en": "translated title"
          },
          "description": {},
          "concept": "http://www.w3.org/2000/01/rdf-schema#Literal",
          "iri": "translatedTitle"
        }
      ]
    },
    "7fqzx70aid3m7m0obos": {
      "id": "7fqzx70aid3m7m0obos",
      "type": [
        "relationship"
      ],
      "iri": null,
      "name": {},
      "description": {},
      "ends": [
        {
          "name": {},
          "description": {},
          "concept": "f6143h7hn0bm7m0g114",
          "iri": null
        },
        {
          "name": {
            "en": "other"
          },
          "description": {},
          "concept": "http://www.w3.org/2000/01/rdf-schema#Literal",
          "iri": "other"
        }
      ]
    },
    "7cijvatwzl7m7m0qy8s": {
      "id": "7cijvatwzl7m7m0qy8s",
      "iri": "Subject",
      "type": [
        "class"
      ],
      "name": {
        "en": "Subject"
      },
      "description": {
        "en": "Subject, keyword, classification code, or key phrase describing the resource."
      }
    },
    "djlhxtsfprmm7m0rd5z": {
      "id": "djlhxtsfprmm7m0rd5z",
      "iri": "Creator",
      "type": [
        "class"
      ],
      "name": {
        "en": "Creator"
      },
      "description": {
        "en": "The main researchers involved in producing the data, or the authors of the publication, in priority order. For instruments this is the manufacturer or developer of the instrument. To supply multiple creators, repeat this property."
      }
    },
    "0ill8tba91qm7m0rxb4": {
      "id": "0ill8tba91qm7m0rxb4",
      "iri": "Publisher",
      "type": [
        "class"
      ],
      "name": {
        "en": "Publisher"
      },
      "description": {
        "en": "The name of the entity that holds, archives, publishes, prints, distributes, releases, issues, or produces the resource. This property will be used to formulate the citation, so consider the prominence of the role."
      }
    },
    "jx3vcosfqtgm7m0us7b": {
      "id": "jx3vcosfqtgm7m0us7b",
      "iri": "Contributor",
      "type": [
        "class"
      ],
      "name": {
        "en": "Contributor"
      },
      "description": {
        "en": "he institution or person responsible for collecting, managing, distributing, or otherwise contributing to the development of the resource. To supply multiple contributors, repeat this property.\n\nFor software, if there is an alternate entity that “holds, archives, publishes, prints, distributes, releases, issues, or produces” the code, use the contributorType “HostingInstitution” for the code repository.\n\nFor instruments, if there is an institution responsible for the management of the instrument (for example, the legal owner, the operator, or an institute providing access to the instrument), use the contributorType “HostingInstitution” for the owner of the instrument."
      }
    },
    "7gi3w7w8xzm7m0z1ft": {
      "id": "7gi3w7w8xzm7m0z1ft",
      "iri": "Date",
      "type": [
        "class"
      ],
      "name": {
        "en": "Date"
      },
      "description": {
        "en": "Different dates relevant to the work."
      }
    },
    "1aybzdcwg4im7m14hyg": {
      "id": "1aybzdcwg4im7m14hyg",
      "type": [
        "relationship"
      ],
      "iri": null,
      "name": {},
      "description": {},
      "ends": [
        {
          "name": {},
          "description": {},
          "concept": "7gi3w7w8xzm7m0z1ft",
          "iri": null
        },
        {
          "name": {
            "en": "date value"
          },
          "description": {
            "en": "Specific date."
          },
          "concept": "http://www.w3.org/2001/XMLSchema#date",
          "iri": "dateValue"
        }
      ]
    },
    "28vggxo8k14m7m15lub": {
      "id": "28vggxo8k14m7m15lub",
      "type": [
        "relationship"
      ],
      "iri": null,
      "name": {},
      "description": {},
      "ends": [
        {
          "name": {},
          "description": {},
          "concept": "7gi3w7w8xzm7m0z1ft",
          "iri": null
        },
        {
          "name": {
            "en": "date type"
          },
          "description": {
            "en": "The type of date."
          },
          "concept": "http://www.w3.org/2001/XMLSchema#anyURI",
          "iri": "dateType"
        }
      ]
    },
    "w6t4rsm03xgm7m43lkc": {
      "id": "w6t4rsm03xgm7m43lkc",
      "type": [
        "relationship"
      ],
      "iri": null,
      "name": {},
      "description": {},
      "ends": [
        {
          "name": {},
          "description": {},
          "concept": "7gi3w7w8xzm7m0z1ft",
          "iri": null
        },
        {
          "name": {
            "en": "date information"
          },
          "description": {
            "en": "Specific information about the date, if appropriate."
          },
          "concept": "http://www.w3.org/2000/01/rdf-schema#Literal",
          "iri": "dateInformation"
        }
      ]
    },
    "6mj86p8gw48m7m440au": {
      "id": "6mj86p8gw48m7m440au",
      "type": [
        "relationship"
      ],
      "iri": null,
      "name": {},
      "description": {},
      "ends": [
        {
          "name": {},
          "description": {},
          "cardinality": null,
          "concept": "f6143h7hn0bm7m0g114",
          "iri": null
        },
        {
          "name": {
            "en": "has creator"
          },
          "description": {},
          "cardinality": null,
          "concept": "djlhxtsfprmm7m0rd5z",
          "iri": "hasCreator"
        }
      ]
    },
    "gj0yj1o4clrm7m446lv": {
      "id": "gj0yj1o4clrm7m446lv",
      "type": [
        "relationship"
      ],
      "iri": null,
      "name": {},
      "description": {},
      "ends": [
        {
          "name": {},
          "description": {},
          "cardinality": null,
          "concept": "f6143h7hn0bm7m0g114",
          "iri": null
        },
        {
          "name": {
            "en": "has date"
          },
          "description": {},
          "cardinality": null,
          "concept": "7gi3w7w8xzm7m0z1ft",
          "iri": "hasDate"
        }
      ]
    },
    "x1olsj2palm7m44e55": {
      "id": "x1olsj2palm7m44e55",
      "type": [
        "relationship"
      ],
      "iri": null,
      "name": {},
      "description": {},
      "ends": [
        {
          "name": {},
          "description": {},
          "cardinality": null,
          "concept": "f6143h7hn0bm7m0g114",
          "iri": null
        },
        {
          "name": {
            "en": "has contributor"
          },
          "description": {},
          "cardinality": null,
          "concept": "jx3vcosfqtgm7m0us7b",
          "iri": "hasContributor"
        }
      ]
    },
    "p0ekzz4en1m7m44m23": {
      "id": "p0ekzz4en1m7m44m23",
      "type": [
        "relationship"
      ],
      "iri": null,
      "name": {},
      "description": {},
      "ends": [
        {
          "name": {},
          "description": {},
          "cardinality": null,
          "concept": "f6143h7hn0bm7m0g114",
          "iri": null
        },
        {
          "name": {
            "en": "has publisher"
          },
          "description": {},
          "cardinality": null,
          "concept": "0ill8tba91qm7m0rxb4",
          "iri": "hasPublisher"
        }
      ]
    },
    "6iyy1wklncim7m4btem": {
      "id": "6iyy1wklncim7m4btem",
      "type": [
        "relationship"
      ],
      "iri": null,
      "name": {},
      "description": {},
      "ends": [
        {
          "name": {},
          "description": {},
          "concept": "f6143h7hn0bm7m0g114",
          "iri": null
        },
        {
          "name": {
            "en": "language"
          },
          "description": {
            "en": "The primary language of the resource."
          },
          "concept": "http://www.w3.org/1999/02/22-rdf-syntax-ns#langString",
          "iri": "language"
        }
      ]
    },
    "gxyfg4fadzkm7m4gszy": {
      "id": "gxyfg4fadzkm7m4gszy",
      "type": [
        "relationship"
      ],
      "iri": null,
      "name": {},
      "description": {},
      "ends": [
        {
          "name": {},
          "description": {},
          "concept": "f6143h7hn0bm7m0g114",
          "iri": null
        },
        {
          "name": {
            "en": "resource type"
          },
          "description": {
            "en": "A description of the resource. Gets the value from controlled list https://datacite-metadata-schema.readthedocs.io/en/4.6/appendices/appendix-1/resourceTypeGeneral/."
          },
          "concept": "http://www.w3.org/2001/XMLSchema#anyURI",
          "iri": "resourceType"
        }
      ]
    },
    "vpkwqdt0x48m7m4igh9": {
      "id": "vpkwqdt0x48m7m4igh9",
      "iri": "AlternateIdentifier",
      "type": [
        "class"
      ],
      "name": {
        "en": "Alternate identifier"
      },
      "description": {
        "en": "An identifier other than the primary Identifier applied to the resource being registered. This may be any alphanumeric string which is unique within its domain of issue. May be used for local identifiers, a serial number of an instrument or an inventory number. The AlternateIdentifier should be an additional identifier for the same instance of the resource (i.e., same location, same file)."
      }
    },
    "2t2n3pgc7ejm7m4ir5b": {
      "id": "2t2n3pgc7ejm7m4ir5b",
      "type": [
        "relationship"
      ],
      "iri": null,
      "name": {},
      "description": {},
      "ends": [
        {
          "name": {},
          "description": {},
          "cardinality": null,
          "concept": "f6143h7hn0bm7m0g114",
          "iri": null
        },
        {
          "name": {
            "en": "has alternate identifier"
          },
          "description": {},
          "cardinality": null,
          "concept": "vpkwqdt0x48m7m4igh9",
          "iri": "hasAlternateIdentifier"
        }
      ]
    },
    "9lzmgoduywpm7m4jaqe": {
      "id": "9lzmgoduywpm7m4jaqe",
      "type": [
        "relationship"
      ],
      "iri": null,
      "name": {},
      "description": {},
      "ends": [
        {
          "name": {},
          "description": {},
          "concept": "vpkwqdt0x48m7m4igh9",
          "iri": null
        },
        {
          "name": {
            "en": "alternate identifier type"
          },
          "description": {
            "en": "The type of the Alternate identifier."
          },
          "concept": "http://www.w3.org/2000/01/rdf-schema#Literal",
          "iri": "alternateIdentifierType"
        }
      ]
    },
    "e8c0ncmdykgm7m4jxgr": {
      "id": "e8c0ncmdykgm7m4jxgr",
      "iri": "RelatedIdentifier",
      "type": [
        "class"
      ],
      "name": {
        "en": "Related identifier"
      },
      "description": {
        "en": "dentifiers of related resources. These must be globally unique identifiers."
      }
    },
    "fc515hxq9wlm7m4k6cy": {
      "id": "fc515hxq9wlm7m4k6cy",
      "type": [
        "relationship"
      ],
      "iri": null,
      "name": {},
      "description": {},
      "ends": [
        {
          "name": {},
          "description": {},
          "cardinality": null,
          "concept": "f6143h7hn0bm7m0g114",
          "iri": null
        },
        {
          "name": {
            "en": "has related identifier"
          },
          "description": {},
          "cardinality": null,
          "concept": "e8c0ncmdykgm7m4jxgr",
          "iri": "hasRelatedIdentifier"
        }
      ]
    },
    "025ae2cc2o4sm7m4l76u": {
      "id": "025ae2cc2o4sm7m4l76u",
      "type": [
        "relationship"
      ],
      "iri": null,
      "name": {},
      "description": {},
      "ends": [
        {
          "name": {},
          "description": {},
          "concept": "e8c0ncmdykgm7m4jxgr",
          "iri": null
        },
        {
          "name": {
            "en": "related identifier type"
          },
          "description": {
            "en": "The type of the RelatedIdentifier. Value from controlled list https://datacite-metadata-schema.readthedocs.io/en/4.6/appendices/appendix-1/relatedIdentifierType/."
          },
          "concept": "http://www.w3.org/2001/XMLSchema#anyURI",
          "iri": "relatedIdentifierType"
        }
      ]
    },
    "wt0jzxe177hm7m4lygz": {
      "id": "wt0jzxe177hm7m4lygz",
      "type": [
        "relationship"
      ],
      "iri": null,
      "name": {},
      "description": {},
      "ends": [
        {
          "name": {},
          "description": {},
          "concept": "e8c0ncmdykgm7m4jxgr",
          "iri": null
        },
        {
          "name": {
            "en": "relation type"
          },
          "description": {
            "en": "Description of the relationship of the resource being registered (A) and the related resource (B). Value from controlled vocabulary https://datacite-metadata-schema.readthedocs.io/en/4.6/appendices/appendix-1/relationType/."
          },
          "concept": "http://www.w3.org/2001/XMLSchema#anyURI",
          "iri": "relatedIdentifierRelationType"
        }
      ]
    },
    "b5cqyin8lsqm7m4o4ii": {
      "id": "b5cqyin8lsqm7m4o4ii",
      "type": [
        "relationship"
      ],
      "iri": null,
      "name": {},
      "description": {},
      "ends": [
        {
          "name": {},
          "description": {},
          "concept": "e8c0ncmdykgm7m4jxgr",
          "iri": null
        },
        {
          "name": {
            "en": "related metadata scheme"
          },
          "description": {
            "en": "The name of the scheme. Use only with hasMetadata or IsMetadataFor relation type."
          },
          "concept": "http://www.w3.org/2000/01/rdf-schema#Literal",
          "iri": "relatedMetadataScheme"
        }
      ]
    },
    "fvdkuxxfrhsm7m4ovf3": {
      "id": "fvdkuxxfrhsm7m4ovf3",
      "type": [
        "relationship"
      ],
      "iri": null,
      "name": {},
      "description": {},
      "ends": [
        {
          "name": {},
          "description": {},
          "concept": "e8c0ncmdykgm7m4jxgr",
          "iri": null
        },
        {
          "name": {
            "en": "related identifier scheme URI"
          },
          "description": {
            "en": " The URI of the relatedMetadataScheme. The name of the scheme. Use only with hasMetadata or IsMetadataFor relation type."
          },
          "concept": "http://www.w3.org/2001/XMLSchema#anyURI",
          "iri": "relatedIdentifierSchemeUri"
        }
      ]
    },
    "mpkgeozsufkm7m4pml8": {
      "id": "mpkgeozsufkm7m4pml8",
      "type": [
        "relationship"
      ],
      "iri": null,
      "name": {},
      "description": {},
      "ends": [
        {
          "name": {},
          "description": {},
          "concept": "e8c0ncmdykgm7m4jxgr",
          "iri": null
        },
        {
          "name": {
            "en": "related identifier scheme type"
          },
          "description": {
            "en": "The type of the relatedMetadataScheme, linked with the schemeURI.  Use only with hasMetadata or IsMetadataFor relation type."
          },
          "concept": "http://www.w3.org/2000/01/rdf-schema#Literal",
          "iri": "relatedIdentifierSchemeType"
        }
      ]
    },
    "k6tb3kmz86em7m4rbwh": {
      "id": "k6tb3kmz86em7m4rbwh",
      "type": [
        "relationship"
      ],
      "iri": null,
      "name": {},
      "description": {},
      "ends": [
        {
          "name": {},
          "description": {},
          "concept": "e8c0ncmdykgm7m4jxgr",
          "iri": null
        },
        {
          "name": {
            "en": "resource type general"
          },
          "description": {
            "en": "The general type of the related resource. Value from controlled list https://datacite-metadata-schema.readthedocs.io/en/4.6/properties/resourcetype/#a."
          },
          "concept": "http://www.w3.org/2001/XMLSchema#anyURI",
          "iri": "resourceTypeGeneral"
        }
      ]
    },
    "39u25byu1p2m7m4rvv3": {
      "id": "39u25byu1p2m7m4rvv3",
      "type": [
        "relationship"
      ],
      "iri": null,
      "name": {},
      "description": {},
      "ends": [
        {
          "name": {},
          "description": {},
          "concept": "f6143h7hn0bm7m0g114",
          "iri": null
        },
        {
          "name": {
            "en": "size"
          },
          "description": {
            "en": "Size (e.g., bytes, pages, inches, etc.) or duration (extent), e.g., hours, minutes, days, etc., of a resource."
          },
          "concept": "http://www.w3.org/2000/01/rdf-schema#Literal",
          "iri": "size"
        }
      ]
    },
    "bh0z85gh3gkm7m4s7ej": {
      "id": "bh0z85gh3gkm7m4s7ej",
      "type": [
        "relationship"
      ],
      "iri": null,
      "name": {},
      "description": {},
      "ends": [
        {
          "name": {},
          "description": {},
          "concept": "f6143h7hn0bm7m0g114",
          "iri": null
        },
        {
          "name": {
            "en": "format"
          },
          "description": {
            "en": "Technical format of the resource."
          },
          "concept": "http://www.w3.org/2000/01/rdf-schema#Literal",
          "iri": "format"
        }
      ]
    },
    "5fkzhiys96sm7m4slm7": {
      "id": "5fkzhiys96sm7m4slm7",
      "type": [
        "relationship"
      ],
      "iri": null,
      "name": {},
      "description": {},
      "ends": [
        {
          "name": {},
          "description": {},
          "concept": "f6143h7hn0bm7m0g114",
          "iri": null
        },
        {
          "name": {
            "en": "version"
          },
          "description": {
            "en": "The version number of the resource."
          },
          "concept": "http://www.w3.org/2000/01/rdf-schema#Literal",
          "iri": "tenderLevel"
        }
      ]
    },
    "ocqvgt6r5wm7m4tjdj": {
      "id": "ocqvgt6r5wm7m4tjdj",
      "iri": "Rights",
      "type": [
        "class"
      ],
      "name": {
        "en": "Rights"
      },
      "description": {
        "en": "Any rights information for this resource. The property may be repeated to record complex rights characteristics."
      }
    },
    "614izx8eumvm7m4tsok": {
      "id": "614izx8eumvm7m4tsok",
      "type": [
        "relationship"
      ],
      "iri": null,
      "name": {},
      "description": {},
      "ends": [
        {
          "name": {},
          "description": {},
          "cardinality": null,
          "concept": "f6143h7hn0bm7m0g114",
          "iri": null
        },
        {
          "name": {
            "en": "has version"
          },
          "description": {},
          "cardinality": null,
          "concept": "ocqvgt6r5wm7m4tjdj",
          "iri": "hasVersion"
        }
      ]
    },
    "bbtxf9zxyn7m7m4ubus": {
      "id": "bbtxf9zxyn7m7m4ubus",
      "type": [
        "relationship"
      ],
      "iri": null,
      "name": {},
      "description": {},
      "ends": [
        {
          "name": {},
          "description": {},
          "concept": "ocqvgt6r5wm7m4tjdj",
          "iri": null
        },
        {
          "name": {
            "en": "rights URI"
          },
          "description": {
            "en": "The URI of the license."
          },
          "concept": "http://www.w3.org/2001/XMLSchema#anyURI",
          "iri": "rightsUri"
        }
      ]
    },
    "dvpq5f2m134m7m4ux2s": {
      "id": "dvpq5f2m134m7m4ux2s",
      "type": [
        "relationship"
      ],
      "iri": null,
      "name": {},
      "description": {},
      "ends": [
        {
          "name": {},
          "description": {},
          "concept": "ocqvgt6r5wm7m4tjdj",
          "iri": null
        },
        {
          "name": {
            "en": "rights identifier"
          },
          "description": {
            "en": "A short, standardized version of the license name."
          },
          "concept": "http://www.w3.org/2000/01/rdf-schema#Literal",
          "iri": "rightsIdentifier"
        }
      ]
    },
    "9nahtdx9oo8m7m4vbnk": {
      "id": "9nahtdx9oo8m7m4vbnk",
      "type": [
        "relationship"
      ],
      "iri": null,
      "name": {},
      "description": {},
      "ends": [
        {
          "name": {},
          "description": {},
          "concept": "ocqvgt6r5wm7m4tjdj",
          "iri": null
        },
        {
          "name": {
            "en": "rights identifier scheme"
          },
          "description": {
            "en": "The name of the scheme."
          },
          "concept": "http://www.w3.org/2000/01/rdf-schema#Literal",
          "iri": "rightsIdentifierScheme"
        }
      ]
    },
    "unlmpq8xnyfm7m4wzw0": {
      "id": "unlmpq8xnyfm7m4wzw0",
      "type": [
        "relationship"
      ],
      "iri": null,
      "name": {},
      "description": {},
      "ends": [
        {
          "name": {},
          "description": {},
          "concept": "ocqvgt6r5wm7m4tjdj",
          "iri": null
        },
        {
          "name": {
            "en": "rights scheme URI"
          },
          "description": {
            "en": "The URI of the rightsIdentifierScheme."
          },
          "concept": "http://www.w3.org/2000/01/rdf-schema#Literal",
          "iri": "rightsSchemeUri"
        }
      ]
    },
    "nt1xjec9t1lm7m5icv8": {
      "id": "nt1xjec9t1lm7m5icv8",
      "iri": "Description",
      "type": [
        "class"
      ],
      "name": {
        "en": "Description"
      },
      "description": {
        "en": "All additional information that does not fit in any of the other categories. May be used for technical information or detailed information associated with a scientific instrument."
      }
    },
    "874nlxm46lrm7m5jptl": {
      "id": "874nlxm46lrm7m5jptl",
      "type": [
        "relationship"
      ],
      "iri": null,
      "name": {},
      "description": {},
      "ends": [
        {
          "name": {},
          "description": {},
          "cardinality": null,
          "concept": "f6143h7hn0bm7m0g114",
          "iri": null
        },
        {
          "name": {
            "en": "has description"
          },
          "description": {},
          "cardinality": null,
          "concept": "nt1xjec9t1lm7m5icv8",
          "iri": "hasDescription"
        }
      ]
    },
    "5drys1pzgnem7m5ka20": {
      "id": "5drys1pzgnem7m5ka20",
      "type": [
        "relationship"
      ],
      "iri": null,
      "name": {},
      "description": {},
      "ends": [
        {
          "name": {},
          "description": {},
          "concept": "nt1xjec9t1lm7m5icv8",
          "iri": null
        },
        {
          "name": {
            "en": "description text"
          },
          "description": {
            "en": "Text describing the resource."
          },
          "concept": "http://www.w3.org/2000/01/rdf-schema#Literal",
          "iri": "descriptionText"
        }
      ]
    },
    "kjkza2p2v1m7m5kyup": {
      "id": "kjkza2p2v1m7m5kyup",
      "type": [
        "relationship"
      ],
      "iri": null,
      "name": {},
      "description": {},
      "ends": [
        {
          "name": {},
          "description": {},
          "concept": "nt1xjec9t1lm7m5icv8",
          "iri": null
        },
        {
          "name": {
            "en": "description type"
          },
          "description": {
            "en": "The type of the Description. Value from controlled list https://datacite-metadata-schema.readthedocs.io/en/4.6/appendices/appendix-1/descriptionType/."
          },
          "concept": "http://www.w3.org/2001/XMLSchema#anyURI",
          "iri": "descriptionType"
        }
      ]
    },
    "mrdk1vfahpm7m5lk4m": {
      "id": "mrdk1vfahpm7m5lk4m",
      "iri": "Geolocation",
      "type": [
        "class"
      ],
      "name": {
        "en": "GeoLocation"
      },
      "description": {
        "en": "Spatial region or named place where the data was gathered or about which the data is focused."
      }
    },
    "lvbx70r93enm7m5lwbn": {
      "id": "lvbx70r93enm7m5lwbn",
      "type": [
        "relationship"
      ],
      "iri": null,
      "name": {},
      "description": {},
      "ends": [
        {
          "name": {},
          "description": {},
          "cardinality": null,
          "concept": "f6143h7hn0bm7m0g114",
          "iri": null
        },
        {
          "name": {
            "en": "has geolocation"
          },
          "description": {},
          "cardinality": null,
          "concept": "mrdk1vfahpm7m5lk4m",
          "iri": "hasGeolocation"
        }
      ]
    },
    "5d2zqjl8q0um7m6flcr": {
      "id": "5d2zqjl8q0um7m6flcr",
      "iri": "FundingReference",
      "type": [
        "class"
      ],
      "name": {
        "en": "Funding reference"
      },
      "description": {
        "en": "Information about financial support (funding) for the resource being registered."
      }
    },
    "ied58cdnt3m7m6fwta": {
      "id": "ied58cdnt3m7m6fwta",
      "type": [
        "relationship"
      ],
      "iri": null,
      "name": {},
      "description": {},
      "ends": [
        {
          "name": {},
          "description": {},
          "cardinality": null,
          "concept": "f6143h7hn0bm7m0g114",
          "iri": null
        },
        {
          "name": {
            "en": "has funding reference"
          },
          "description": {},
          "cardinality": null,
          "concept": "5d2zqjl8q0um7m6flcr",
          "iri": "hasFundingReference"
        }
      ]
    },
    "yv5ma76w3om7m6gfxg": {
      "id": "yv5ma76w3om7m6gfxg",
      "iri": "RelatedItem",
      "type": [
        "class"
      ],
      "name": {
        "en": "Related item"
      },
      "description": {
        "en": "Information about a resource related to the one being registered."
      }
    },
    "9k6papud37qm7m6gq3k": {
      "id": "9k6papud37qm7m6gq3k",
      "type": [
        "relationship"
      ],
      "iri": null,
      "name": {},
      "description": {},
      "ends": [
        {
          "name": {},
          "description": {},
          "cardinality": null,
          "concept": "f6143h7hn0bm7m0g114",
          "iri": null
        },
        {
          "name": {
            "en": "has related item"
          },
          "description": {},
          "cardinality": null,
          "concept": "yv5ma76w3om7m6gfxg",
          "iri": "hasRelatedItem"
        }
      ]
    },
    "8iauavul3bmm7n22l7i": {
      "id": "8iauavul3bmm7n22l7i",
      "type": [
        "relationship"
      ],
      "iri": null,
      "name": {},
      "description": {},
      "ends": [
        {
          "name": {},
          "description": {},
          "concept": "yv5ma76w3om7m6gfxg",
          "iri": null
        },
        {
          "name": {
            "en": "related item type"
          },
          "description": {
            "en": "The general type of the related item. Value from controlled list https://datacite-metadata-schema.readthedocs.io/en/4.6/appendices/appendix-1/resourceTypeGeneral/."
          },
          "concept": "http://www.w3.org/2001/XMLSchema#anyURI",
          "iri": "relatedItemType"
        }
      ]
    },
    "fk1x2aeqe9m7n249y3": {
      "id": "fk1x2aeqe9m7n249y3",
      "type": [
        "relationship"
      ],
      "iri": null,
      "name": {},
      "description": {},
      "ends": [
        {
          "name": {},
          "description": {},
          "concept": "yv5ma76w3om7m6gfxg",
          "iri": null
        },
        {
          "name": {
            "en": "relation type"
          },
          "description": {
            "en": "Description of the relationship of the resource being registered (A) and the related item (B). Value from controlled list https://datacite-metadata-schema.readthedocs.io/en/4.6/appendices/appendix-1/relationType/."
          },
          "concept": "http://www.w3.org/2001/XMLSchema#anyURI",
          "iri": "relatedItemRelationType"
        }
      ]
    },
    "9qllw4t25v8m7n2c14y": {
      "id": "9qllw4t25v8m7n2c14y",
      "type": [
        "relationship"
      ],
      "iri": null,
      "name": {},
      "description": {},
      "ends": [
        {
          "name": {},
          "description": {},
          "cardinality": null,
          "concept": "yv5ma76w3om7m6gfxg",
          "iri": null
        },
        {
          "name": {
            "en": "has creator"
          },
          "description": {
            "en": "The institution or person responsible for creating the related resource."
          },
          "cardinality": null,
          "concept": "djlhxtsfprmm7m0rd5z",
          "iri": "relatedItemHasCreator"
        }
      ]
    },
    "c1jzs98zsbum7n2ebus": {
      "id": "c1jzs98zsbum7n2ebus",
      "type": [
        "relationship"
      ],
      "iri": null,
      "name": {},
      "description": {},
      "ends": [
        {
          "name": {},
          "description": {},
          "cardinality": null,
          "concept": "yv5ma76w3om7m6gfxg",
          "iri": null
        },
        {
          "name": {
            "en": "related item identifier"
          },
          "description": {
            "en": "The identifier for the related item."
          },
          "cardinality": null,
          "concept": "e8c0ncmdykgm7m4jxgr",
          "iri": "relatedItemIdentifier"
        }
      ]
    },
    "b76hkkmossm7n2fv87": {
      "id": "b76hkkmossm7n2fv87",
      "type": [
        "relationship"
      ],
      "iri": null,
      "name": {},
      "description": {},
      "ends": [
        {
          "name": {},
          "description": {},
          "concept": "yv5ma76w3om7m6gfxg",
          "iri": null
        },
        {
          "name": {
            "en": "title"
          },
          "description": {
            "en": "Title of the related item."
          },
          "concept": "http://www.w3.org/2000/01/rdf-schema#Literal",
          "iri": "relatedItemTitle"
        }
      ]
    },
    "d5yc0po8bxgm7n2h6fp": {
      "id": "d5yc0po8bxgm7n2h6fp",
      "type": [
        "relationship"
      ],
      "iri": null,
      "name": {},
      "description": {},
      "ends": [
        {
          "name": {},
          "description": {},
          "concept": "yv5ma76w3om7m6gfxg",
          "iri": null
        },
        {
          "name": {
            "en": "publication year"
          },
          "description": {
            "en": "The year when the item was or will be made publicly available."
          },
          "concept": "http://www.w3.org/2001/XMLSchema#date",
          "iri": "relatedItemPublicationYear"
        }
      ]
    },
    "gf12pfwx1ewm7n2hmxa": {
      "id": "gf12pfwx1ewm7n2hmxa",
      "type": [
        "relationship"
      ],
      "iri": null,
      "name": {},
      "description": {},
      "ends": [
        {
          "name": {},
          "description": {},
          "concept": "yv5ma76w3om7m6gfxg",
          "iri": null
        },
        {
          "name": {
            "en": "volume"
          },
          "description": {
            "en": "Volume of the related item."
          },
          "concept": "http://www.w3.org/2000/01/rdf-schema#Literal",
          "iri": "volume"
        }
      ]
    },
    "kvkncih6wqm7n2i5o8": {
      "id": "kvkncih6wqm7n2i5o8",
      "type": [
        "relationship"
      ],
      "iri": null,
      "name": {},
      "description": {},
      "ends": [
        {
          "name": {},
          "description": {},
          "concept": "yv5ma76w3om7m6gfxg",
          "iri": null
        },
        {
          "name": {
            "en": "issue"
          },
          "description": {
            "en": "Issue number or name of the related item."
          },
          "concept": "http://www.w3.org/2000/01/rdf-schema#Literal",
          "iri": "issue"
        }
      ]
    },
    "oub8gr4o4cm7n2jngd": {
      "id": "oub8gr4o4cm7n2jngd",
      "type": [
        "relationship"
      ],
      "iri": null,
      "name": {},
      "description": {},
      "ends": [
        {
          "name": {},
          "description": {},
          "concept": "yv5ma76w3om7m6gfxg",
          "iri": null
        },
        {
          "name": {
            "en": "number"
          },
          "description": {
            "en": "Number of the resource within the related item, e.g., report number or article number."
          },
          "concept": "http://www.w3.org/2000/01/rdf-schema#Literal",
          "iri": "number"
        }
      ]
    },
    "r164i4ndivm7n2kbdh": {
      "id": "r164i4ndivm7n2kbdh",
      "type": [
        "relationship"
      ],
      "iri": null,
      "name": {},
      "description": {},
      "ends": [
        {
          "name": {},
          "description": {},
          "concept": "yv5ma76w3om7m6gfxg",
          "iri": null
        },
        {
          "name": {
            "en": "first page"
          },
          "description": {
            "en": "First page of the resource within the related item, e.g., of the chapter, article, or conference paper in proceedings."
          },
          "concept": "http://www.w3.org/2000/01/rdf-schema#Literal",
          "iri": "firstPage"
        }
      ]
    },
    "ywm0dtfhwlm7n2kmid": {
      "id": "ywm0dtfhwlm7n2kmid",
      "type": [
        "relationship"
      ],
      "iri": null,
      "name": {},
      "description": {},
      "ends": [
        {
          "name": {},
          "description": {},
          "concept": "yv5ma76w3om7m6gfxg",
          "iri": null
        },
        {
          "name": {
            "en": "last page"
          },
          "description": {
            "en": "Last page of the resource within the related item, e.g., of the chapter, article, or conference paper in proceedings."
          },
          "concept": "http://www.w3.org/2000/01/rdf-schema#Literal",
          "iri": "lastPage"
        }
      ]
    },
    "dwdfi4pvfmrm7n2l846": {
      "id": "dwdfi4pvfmrm7n2l846",
      "type": [
        "relationship"
      ],
      "iri": null,
      "name": {},
      "description": {},
      "ends": [
        {
          "name": {},
          "description": {},
          "concept": "yv5ma76w3om7m6gfxg",
          "iri": null
        },
        {
          "name": {
            "en": "publisher"
          },
          "description": {
            "en": "The name of the entity that holds, archives, publishes prints, distributes, releases, issues, or produces the resource."
          },
          "concept": "http://www.w3.org/2000/01/rdf-schema#Literal",
          "iri": "relatedItemPublisher"
        }
      ]
    },
    "rcr1q3qmwdom7n2lnmp": {
      "id": "rcr1q3qmwdom7n2lnmp",
      "type": [
        "relationship"
      ],
      "iri": null,
      "name": {},
      "description": {},
      "ends": [
        {
          "name": {},
          "description": {},
          "concept": "yv5ma76w3om7m6gfxg",
          "iri": null
        },
        {
          "name": {
            "en": "edition"
          },
          "description": {
            "en": "Edition or version of the related item."
          },
          "concept": "http://www.w3.org/2000/01/rdf-schema#Literal",
          "iri": "edition"
        }
      ]
    },
    "xwjpovta1pmm7n2nura": {
      "id": "xwjpovta1pmm7n2nura",
      "type": [
        "relationship"
      ],
      "iri": null,
      "name": {},
      "description": {},
      "ends": [
        {
          "name": {},
          "description": {},
          "cardinality": null,
          "concept": "yv5ma76w3om7m6gfxg",
          "iri": null
        },
        {
          "name": {
            "en": "related item contributor"
          },
          "description": {
            "en": "An institution or person identified as contributing to the development of the resource. If multiple contributors are identified, this sub-property may be repeated for each contributor."
          },
          "cardinality": null,
          "concept": "jx3vcosfqtgm7m0us7b",
          "iri": "relatedItemContributor"
        }
      ]
    },
    "fruccs03otrm7n2p3gx": {
      "id": "fruccs03otrm7n2p3gx",
      "type": [
        "relationship"
      ],
      "iri": null,
      "name": {},
      "description": {},
      "ends": [
        {
          "name": {},
          "description": {},
          "cardinality": null,
          "concept": "f6143h7hn0bm7m0g114",
          "iri": null
        },
        {
          "name": {
            "en": "has subject"
          },
          "description": {},
          "cardinality": null,
          "concept": "7cijvatwzl7m7m0qy8s",
          "iri": "hasSubject"
        }
      ]
    },
    "g48lkm4c6r8m7n50rmr": {
      "id": "g48lkm4c6r8m7n50rmr",
      "type": [
        "relationship"
      ],
      "iri": null,
      "name": {},
      "description": {},
      "ends": [
        {
          "name": {},
          "description": {},
          "concept": "djlhxtsfprmm7m0rd5z",
          "iri": null
        },
        {
          "name": {
            "en": "creator name"
          },
          "description": {
            "en": "The full name of the creator."
          },
          "concept": "http://www.w3.org/2000/01/rdf-schema#Literal",
          "iri": "creatorName",
          "externalDocumentationUrl": ""
        }
      ]
    },
    "w94j69zu1lm7n51ijw": {
      "id": "w94j69zu1lm7n51ijw",
      "type": [
        "relationship"
      ],
      "iri": null,
      "name": {},
      "description": {},
      "ends": [
        {
          "name": {},
          "description": {},
          "concept": "djlhxtsfprmm7m0rd5z",
          "iri": null
        },
        {
          "name": {
            "en": "creator name type"
          },
          "description": {
            "en": "The type of name. Allowed values are Organizational and Personal."
          },
          "concept": "http://www.w3.org/2000/01/rdf-schema#Literal",
          "iri": "creatorNameType"
        }
      ]
    },
    "wat0maikb37m7n51vla": {
      "id": "wat0maikb37m7n51vla",
      "type": [
        "relationship"
      ],
      "iri": null,
      "name": {},
      "description": {},
      "ends": [
        {
          "name": {},
          "description": {},
          "concept": "djlhxtsfprmm7m0rd5z",
          "iri": null
        },
        {
          "name": {
            "en": "creator given name"
          },
          "description": {
            "en": "The personal or first name of the creator."
          },
          "concept": "http://www.w3.org/2000/01/rdf-schema#Literal",
          "iri": "creatorGivenName"
        }
      ]
    },
    "ovkk3chw4bom7n52881": {
      "id": "ovkk3chw4bom7n52881",
      "type": [
        "relationship"
      ],
      "iri": null,
      "name": {},
      "description": {},
      "ends": [
        {
          "name": {},
          "description": {},
          "concept": "djlhxtsfprmm7m0rd5z",
          "iri": null
        },
        {
          "name": {
            "en": "creator family name"
          },
          "description": {
            "en": "The surname or last name of the creator."
          },
          "concept": "http://www.w3.org/2000/01/rdf-schema#Literal",
          "iri": "creatorFamilyName"
        }
      ]
    },
    "u8q1kuf9auem7n52s3r": {
      "id": "u8q1kuf9auem7n52s3r",
      "type": [
        "relationship"
      ],
      "iri": null,
      "name": {},
      "description": {},
      "ends": [
        {
          "name": {},
          "description": {},
          "concept": "djlhxtsfprmm7m0rd5z",
          "iri": null
        },
        {
          "name": {
            "en": "creator name identifier"
          },
          "description": {
            "en": "Uniquely identifies an individual or legal entity, according to various schemes."
          },
          "concept": "http://www.w3.org/2000/01/rdf-schema#Literal",
          "iri": "creatorNameIdentifier"
        }
      ]
    },
    "k9ctjm96syam7n540xw": {
      "id": "k9ctjm96syam7n540xw",
      "type": [
        "relationship"
      ],
      "iri": null,
      "name": {},
      "description": {},
      "ends": [
        {
          "name": {},
          "description": {},
          "concept": "djlhxtsfprmm7m0rd5z",
          "iri": null
        },
        {
          "name": {
            "en": "creator name identifier scheme"
          },
          "description": {
            "en": "The name of the name identifier scheme."
          },
          "concept": "http://www.w3.org/2000/01/rdf-schema#Literal",
          "iri": "creatorNameIdentifierScheme"
        }
      ]
    },
    "4oaunq5m0vym7n54xrw": {
      "id": "4oaunq5m0vym7n54xrw",
      "type": [
        "relationship"
      ],
      "iri": null,
      "name": {},
      "description": {},
      "ends": [
        {
          "name": {},
          "description": {},
          "concept": "djlhxtsfprmm7m0rd5z",
          "iri": null
        },
        {
          "name": {
            "en": "creator name scheme URI"
          },
          "description": {
            "en": "The URI of the name identifier scheme."
          },
          "concept": "http://www.w3.org/2001/XMLSchema#anyURI",
          "iri": "creatorNameIdentifierSchemeUri"
        }
      ]
    },
    "qxq9y986p2m7n55iwl": {
      "id": "qxq9y986p2m7n55iwl",
      "type": [
        "relationship"
      ],
      "iri": null,
      "name": {},
      "description": {},
      "ends": [
        {
          "name": {},
          "description": {},
          "concept": "djlhxtsfprmm7m0rd5z",
          "iri": null
        },
        {
          "name": {
            "en": "creator affiliation"
          },
          "description": {
            "en": "The organizational or institutional affiliation of the creator."
          },
          "concept": "http://www.w3.org/2000/01/rdf-schema#Literal",
          "iri": "creatorAffiliation",
          "externalDocumentationUrl": ""
        }
      ]
    },
    "r88fu54miham7n565ec": {
      "id": "r88fu54miham7n565ec",
      "type": [
        "relationship"
      ],
      "iri": null,
      "name": {},
      "description": {},
      "ends": [
        {
          "name": {},
          "description": {},
          "concept": "djlhxtsfprmm7m0rd5z",
          "iri": null
        },
        {
          "name": {
            "en": "creator affilitation identifier"
          },
          "description": {
            "en": "Uniquely identifies the organizational affiliation of the creator."
          },
          "concept": "http://www.w3.org/2000/01/rdf-schema#Literal",
          "iri": "affilitationIdentifier"
        }
      ]
    },
    "9om0rn2iy24m7n56oco": {
      "id": "9om0rn2iy24m7n56oco",
      "type": [
        "relationship"
      ],
      "iri": null,
      "name": {},
      "description": {},
      "ends": [
        {
          "name": {},
          "description": {},
          "concept": "djlhxtsfprmm7m0rd5z",
          "iri": null
        },
        {
          "name": {
            "en": "creator affiliation identifier scheme"
          },
          "description": {
            "en": "The name of the affiliation identifier scheme"
          },
          "concept": "http://www.w3.org/2000/01/rdf-schema#Literal",
          "iri": "affiliationIdentifierScheme"
        }
      ]
    },
    "tzq9xe08r0lm7n57boo": {
      "id": "tzq9xe08r0lm7n57boo",
      "type": [
        "relationship"
      ],
      "iri": null,
      "name": {},
      "description": {},
      "ends": [
        {
          "name": {},
          "description": {},
          "concept": "djlhxtsfprmm7m0rd5z",
          "iri": null
        },
        {
          "name": {
            "en": "creator scheme URI"
          },
          "description": {
            "en": "The URI of the affiliation identifier scheme."
          },
          "concept": "http://www.w3.org/2001/XMLSchema#anyURI",
          "iri": "creatorAffiliationIdentifierSchemeUri"
        }
      ]
    },
    "nimcb5o0bhm7n96jql": {
      "id": "nimcb5o0bhm7n96jql",
      "type": [
        "relationship"
      ],
      "iri": null,
      "name": {},
      "description": {},
      "ends": [
        {
          "name": {},
          "description": {},
          "concept": "0ill8tba91qm7m0rxb4",
          "iri": null
        },
        {
          "name": {
            "en": "publisher identifier"
          },
          "description": {
            "en": "Uniquely identifies the publisher, according to various schemes."
          },
          "concept": "http://www.w3.org/2001/XMLSchema#anyURI",
          "iri": "publisherIdentifier"
        }
      ]
    },
    "0a2po2w830lhm7n978a8": {
      "id": "0a2po2w830lhm7n978a8",
      "type": [
        "relationship"
      ],
      "iri": null,
      "name": {},
      "description": {},
      "ends": [
        {
          "name": {},
          "description": {},
          "concept": "0ill8tba91qm7m0rxb4",
          "iri": null
        },
        {
          "name": {
            "en": "publisher identifier scheme"
          },
          "description": {
            "en": "The name of the publisher identifier scheme."
          },
          "concept": "http://www.w3.org/2000/01/rdf-schema#Literal",
          "iri": "publisherIdentifierScheme"
        }
      ]
    },
    "f2dbz3htsd9m7n97sh7": {
      "id": "f2dbz3htsd9m7n97sh7",
      "type": [
        "relationship"
      ],
      "iri": null,
      "name": {},
      "description": {},
      "ends": [
        {
          "name": {},
          "description": {},
          "concept": "0ill8tba91qm7m0rxb4",
          "iri": null
        },
        {
          "name": {
            "en": "publisher scheme URI"
          },
          "description": {
            "en": "The URI of the publisher identifier scheme."
          },
          "concept": "http://www.w3.org/2001/XMLSchema#anyURI",
          "iri": "publisherIdentifierSchemeUri"
        }
      ]
    },
    "s0wwgzn2da8m7n98gi1": {
      "id": "s0wwgzn2da8m7n98gi1",
      "type": [
        "relationship"
      ],
      "iri": null,
      "name": {},
      "description": {},
      "ends": [
        {
          "name": {},
          "description": {},
          "concept": "jx3vcosfqtgm7m0us7b",
          "iri": null
        },
        {
          "name": {
            "en": "contributor type"
          },
          "description": {
            "en": "The type of contributor of the resource. Value from controlled list https://datacite-metadata-schema.readthedocs.io/en/4.6/appendices/appendix-1/contributorType/."
          },
          "concept": "http://www.w3.org/2001/XMLSchema#anyURI",
          "iri": "contributorType"
        }
      ]
    },
    "qdeuncay8d9m7n99l2m": {
      "id": "qdeuncay8d9m7n99l2m",
      "type": [
        "relationship"
      ],
      "iri": null,
      "name": {},
      "description": {},
      "ends": [
        {
          "name": {},
          "description": {},
          "concept": "jx3vcosfqtgm7m0us7b",
          "iri": null
        },
        {
          "name": {
            "en": "contributor name"
          },
          "description": {
            "en": "The full name of the contributor."
          },
          "concept": "http://www.w3.org/2000/01/rdf-schema#Literal",
          "iri": "contributorName"
        }
      ]
    },
    "60rovosk0i3m7n9afv0": {
      "id": "60rovosk0i3m7n9afv0",
      "type": [
        "relationship"
      ],
      "iri": null,
      "name": {},
      "description": {},
      "ends": [
        {
          "name": {},
          "description": {},
          "concept": "jx3vcosfqtgm7m0us7b",
          "iri": null
        },
        {
          "name": {
            "en": "contributor name type"
          },
          "description": {
            "en": "The type of name. Allowed values are Organizational and Personal."
          },
          "concept": "http://www.w3.org/2000/01/rdf-schema#Literal",
          "iri": "contributorNameType"
        }
      ]
    },
    "o8ju9gg3w8rm7n9b16g": {
      "id": "o8ju9gg3w8rm7n9b16g",
      "type": [
        "relationship"
      ],
      "iri": null,
      "name": {},
      "description": {},
      "ends": [
        {
          "name": {},
          "description": {},
          "concept": "jx3vcosfqtgm7m0us7b",
          "iri": null
        },
        {
          "name": {
            "en": "contributor given name"
          },
          "description": {
            "en": "The personal or first name of the contributor."
          },
          "concept": "http://www.w3.org/2000/01/rdf-schema#Literal",
          "iri": "contributorGivenName"
        }
      ]
    },
    "olhucdpw5tem7n9bltr": {
      "id": "olhucdpw5tem7n9bltr",
      "type": [
        "relationship"
      ],
      "iri": null,
      "name": {},
      "description": {},
      "ends": [
        {
          "name": {},
          "description": {},
          "concept": "jx3vcosfqtgm7m0us7b",
          "iri": null
        },
        {
          "name": {
            "en": "contributor family name"
          },
          "description": {
            "en": "The surname or last name of the contributor."
          },
          "concept": "http://www.w3.org/2000/01/rdf-schema#Literal",
          "iri": "contributorFamilyName"
        }
      ]
    },
    "w3ro5xlghdqm7n9cxxf": {
      "id": "w3ro5xlghdqm7n9cxxf",
      "type": [
        "relationship"
      ],
      "iri": null,
      "name": {},
      "description": {},
      "ends": [
        {
          "name": {},
          "description": {},
          "concept": "jx3vcosfqtgm7m0us7b",
          "iri": null
        },
        {
          "name": {
            "en": "contributor name identifier"
          },
          "description": {
            "en": "Uniquely identifies an individual or legal entity, according to various schemes."
          },
          "concept": "http://www.w3.org/2001/XMLSchema#anyURI",
          "iri": "contirbutorNameIdentifier"
        }
      ]
    },
    "cl641suf5ctm7n9do5h": {
      "id": "cl641suf5ctm7n9do5h",
      "type": [
        "relationship"
      ],
      "iri": null,
      "name": {},
      "description": {},
      "ends": [
        {
          "name": {},
          "description": {},
          "concept": "jx3vcosfqtgm7m0us7b",
          "iri": null
        },
        {
          "name": {
            "en": "contributor name identifier scheme"
          },
          "description": {
            "en": "The name of the name identifier scheme."
          },
          "concept": "http://www.w3.org/2000/01/rdf-schema#Literal",
          "iri": "contributorNameIdentifierScheme"
        }
      ]
    },
    "dq8h7dp4reem7n9ebyy": {
      "id": "dq8h7dp4reem7n9ebyy",
      "type": [
        "relationship"
      ],
      "iri": null,
      "name": {},
      "description": {},
      "ends": [
        {
          "name": {},
          "description": {},
          "concept": "jx3vcosfqtgm7m0us7b",
          "iri": null
        },
        {
          "name": {
            "en": "contributor name scheme URI"
          },
          "description": {
            "en": "The URI of the name identifier scheme."
          },
          "concept": "http://www.w3.org/2001/XMLSchema#anyURI",
          "iri": "contributorNameSchemeUri"
        }
      ]
    },
    "95vvc03mnkwm7n9eu59": {
      "id": "95vvc03mnkwm7n9eu59",
      "type": [
        "relationship"
      ],
      "iri": null,
      "name": {},
      "description": {},
      "ends": [
        {
          "name": {},
          "description": {},
          "concept": "jx3vcosfqtgm7m0us7b",
          "iri": null
        },
        {
          "name": {
            "en": "contributor affiliation"
          },
          "description": {
            "en": "The organizational or institutional affiliation of the contributor."
          },
          "concept": "http://www.w3.org/2000/01/rdf-schema#Literal",
          "iri": "contributorAffiliation"
        }
      ]
    },
    "m04dwravi9mm7n9frf4": {
      "id": "m04dwravi9mm7n9frf4",
      "type": [
        "relationship"
      ],
      "iri": null,
      "name": {},
      "description": {},
      "ends": [
        {
          "name": {},
          "description": {},
          "concept": "jx3vcosfqtgm7m0us7b",
          "iri": null
        },
        {
          "name": {
            "en": "contributor affiliation identifier scheme"
          },
          "description": {
            "en": "The name of the affiliation identifier scheme."
          },
          "concept": "http://www.w3.org/2000/01/rdf-schema#Literal",
          "iri": "contributorAffiliationIdentifierScheme"
        }
      ]
    },
    "jgnyzvawn9m7n9gadj": {
      "id": "jgnyzvawn9m7n9gadj",
      "type": [
        "relationship"
      ],
      "iri": null,
      "name": {},
      "description": {},
      "ends": [
        {
          "name": {},
          "description": {},
          "concept": "jx3vcosfqtgm7m0us7b",
          "iri": null
        },
        {
          "name": {
            "en": "contributor affiliation scheme URI"
          },
          "description": {
            "en": "URI of the affiliation identifier scheme."
          },
          "concept": "http://www.w3.org/2001/XMLSchema#anyURI",
          "iri": "contributorAffiliationSchemeUri"
        }
      ]
    },
    "h75hhy08uem7om8cc1": {
      "id": "h75hhy08uem7om8cc1",
      "type": [
        "relationship"
      ],
      "iri": null,
      "name": {},
      "description": {},
      "ends": [
        {
          "name": {},
          "description": {},
          "concept": "7cijvatwzl7m7m0qy8s",
          "iri": null
        },
        {
          "name": {
            "en": "subject scheme"
          },
          "description": {
            "en": "The name of the subject scheme or classification code or authority if one is used."
          },
          "concept": "http://www.w3.org/2000/01/rdf-schema#Literal",
          "iri": "subjectScheme"
        }
      ]
    },
    "182h1pb0r2bm7om94g0": {
      "id": "182h1pb0r2bm7om94g0",
      "type": [
        "relationship"
      ],
      "iri": null,
      "name": {},
      "description": {},
      "ends": [
        {
          "name": {},
          "description": {},
          "concept": "7cijvatwzl7m7m0qy8s",
          "iri": null
        },
        {
          "name": {
            "en": "subject scheme URI"
          },
          "description": {
            "en": "The URI of the subject identifier scheme."
          },
          "concept": "http://www.w3.org/2001/XMLSchema#anyURI",
          "iri": "subjectSchemeUri"
        }
      ]
    },
    "m5dhf9lu3jm7om9zhb": {
      "id": "m5dhf9lu3jm7om9zhb",
      "type": [
        "relationship"
      ],
      "iri": null,
      "name": {},
      "description": {},
      "ends": [
        {
          "name": {},
          "description": {},
          "concept": "7cijvatwzl7m7m0qy8s",
          "iri": null
        },
        {
          "name": {
            "en": "subject value URI"
          },
          "description": {
            "en": "The URI of the subject term."
          },
          "concept": "http://www.w3.org/2001/XMLSchema#anyURI",
          "iri": "subjectValueUri"
        }
      ]
    },
    "yifp47zv3vm7omaig8": {
      "id": "yifp47zv3vm7omaig8",
      "type": [
        "relationship"
      ],
      "iri": null,
      "name": {},
      "description": {},
      "ends": [
        {
          "name": {},
          "description": {},
          "concept": "7cijvatwzl7m7m0qy8s",
          "iri": null
        },
        {
          "name": {
            "en": "subject classification code"
          },
          "description": {
            "en": "The classification code used for the subject term in the subject scheme."
          },
          "concept": "http://www.w3.org/2000/01/rdf-schema#Literal",
          "iri": "subjectClassificationCode"
        }
      ]
    },
    "st3p3ugey58m7opm4p5": {
      "id": "st3p3ugey58m7opm4p5",
      "iri": "GeoLocationPoint",
      "type": [
        "class"
      ],
      "name": {
        "en": "Geo location point"
      },
      "description": {
        "en": "A point location in space."
      }
    },
    "xtb9fwpptom7opnfua": {
      "id": "xtb9fwpptom7opnfua",
      "type": [
        "relationship"
      ],
      "iri": null,
      "name": {},
      "description": {},
      "ends": [
        {
          "name": {},
          "description": {},
          "cardinality": null,
          "concept": "mrdk1vfahpm7m5lk4m",
          "iri": null
        },
        {
          "name": {
            "en": "has geo location point"
          },
          "description": {},
          "cardinality": null,
          "concept": "st3p3ugey58m7opm4p5",
          "iri": "hasGeoLocationPoint"
        }
      ]
    },
    "bjo8dlt1qvmm7opo5z6": {
      "id": "bjo8dlt1qvmm7opo5z6",
      "type": [
        "relationship"
      ],
      "iri": null,
      "name": {},
      "description": {},
      "ends": [
        {
          "name": {},
          "description": {},
          "concept": "st3p3ugey58m7opm4p5",
          "iri": null
        },
        {
          "name": {
            "en": "point longitude"
          },
          "description": {
            "en": "Longitudinal dimension of point."
          },
          "concept": "http://www.w3.org/2001/XMLSchema#decimal",
          "iri": "pointLongitude"
        }
      ]
    },
    "judxttwvmxm7opokky": {
      "id": "judxttwvmxm7opokky",
      "type": [
        "relationship"
      ],
      "iri": null,
      "name": {},
      "description": {},
      "ends": [
        {
          "name": {},
          "description": {},
          "concept": "st3p3ugey58m7opm4p5",
          "iri": null
        },
        {
          "name": {
            "en": "point latitude"
          },
          "description": {
            "en": "Latitudinal dimension of point."
          },
          "concept": "http://www.w3.org/2001/XMLSchema#decimal",
          "iri": "pointLatitude"
        }
      ]
    },
    "ew0f7rmstcsm7opp37z": {
      "id": "ew0f7rmstcsm7opp37z",
      "iri": "GeoLocationBox",
      "type": [
        "class"
      ],
      "name": {
        "en": "Geo location box"
      },
      "description": {
        "en": "The spatial limits of a box."
      }
    },
    "aeyhrbwe2jm7oppolp": {
      "id": "aeyhrbwe2jm7oppolp",
      "type": [
        "relationship"
      ],
      "iri": null,
      "name": {},
      "description": {},
      "ends": [
        {
          "name": {},
          "description": {},
          "concept": "ew0f7rmstcsm7opp37z",
          "iri": null
        },
        {
          "name": {
            "en": "west bound longitude"
          },
          "description": {
            "en": "Western longitudinal dimension of box."
          },
          "concept": "http://www.w3.org/2001/XMLSchema#decimal",
          "iri": "westBoundLongitude"
        }
      ]
    },
    "eu1yblz0zkkm7opq51t": {
      "id": "eu1yblz0zkkm7opq51t",
      "type": [
        "relationship"
      ],
      "iri": null,
      "name": {},
      "description": {},
      "ends": [
        {
          "name": {},
          "description": {},
          "concept": "ew0f7rmstcsm7opp37z",
          "iri": null
        },
        {
          "name": {
            "en": "east bound longitude"
          },
          "description": {
            "en": "Eastern longitudinal dimension of box."
          },
          "concept": "http://www.w3.org/2001/XMLSchema#decimal",
          "iri": "eastBoundLongitude"
        }
      ]
    },
    "uue9tiak31mm7opqnk8": {
      "id": "uue9tiak31mm7opqnk8",
      "type": [
        "relationship"
      ],
      "iri": null,
      "name": {},
      "description": {},
      "ends": [
        {
          "name": {},
          "description": {},
          "concept": "ew0f7rmstcsm7opp37z",
          "iri": null
        },
        {
          "name": {
            "en": "south bound latitude"
          },
          "description": {
            "en": "Southern latitudinal dimension of box."
          },
          "concept": "http://www.w3.org/2001/XMLSchema#decimal",
          "iri": "southBoundLatitude"
        }
      ]
    },
    "0jq1d5r5q2z7m7opr3de": {
      "id": "0jq1d5r5q2z7m7opr3de",
      "type": [
        "relationship"
      ],
      "iri": null,
      "name": {},
      "description": {},
      "ends": [
        {
          "name": {},
          "description": {},
          "concept": "ew0f7rmstcsm7opp37z",
          "iri": null
        },
        {
          "name": {
            "en": "north bound latitude"
          },
          "description": {
            "en": "Northern latitudinal dimension of box."
          },
          "concept": "http://www.w3.org/2001/XMLSchema#decimal",
          "iri": "northBoundLatitude"
        }
      ]
    },
    "1vejezwc1ythm7oprigi": {
      "id": "1vejezwc1ythm7oprigi",
      "type": [
        "relationship"
      ],
      "iri": null,
      "name": {},
      "description": {},
      "ends": [
        {
          "name": {},
          "description": {},
          "cardinality": null,
          "concept": "mrdk1vfahpm7m5lk4m",
          "iri": null
        },
        {
          "name": {
            "en": "has geo location box"
          },
          "description": {},
          "cardinality": null,
          "concept": "ew0f7rmstcsm7opp37z",
          "iri": "hasGeoLocationBox"
        }
      ]
    },
    "17q3rf9ur5tm7opspp5": {
      "id": "17q3rf9ur5tm7opspp5",
      "type": [
        "relationship"
      ],
      "iri": null,
      "name": {},
      "description": {},
      "ends": [
        {
          "name": {},
          "description": {},
          "concept": "mrdk1vfahpm7m5lk4m",
          "iri": null
        },
        {
          "name": {
            "en": "geo location place"
          },
          "description": {
            "en": "Description of a geographic location."
          },
          "concept": "http://www.w3.org/2000/01/rdf-schema#Literal",
          "iri": "geoLocationPlace"
        }
      ]
    },
    "s2p4trrzhsm7opt6lr": {
      "id": "s2p4trrzhsm7opt6lr",
      "iri": "GeoLocationPolygon",
      "type": [
        "class"
      ],
      "name": {
        "en": "Geo location polygon"
      },
      "description": {
        "en": "A drawn polygon area, defined by a set of points and lines connecting the points in a closed chain."
      }
    },
    "5a0okruvt4om7optm8w": {
      "id": "5a0okruvt4om7optm8w",
      "type": [
        "relationship"
      ],
      "iri": null,
      "name": {},
      "description": {},
      "ends": [
        {
          "name": {},
          "description": {},
          "cardinality": null,
          "concept": "mrdk1vfahpm7m5lk4m",
          "iri": null
        },
        {
          "name": {
            "en": "has geo location polygon"
          },
          "description": {},
          "cardinality": null,
          "concept": "s2p4trrzhsm7opt6lr",
          "iri": "hasGeoLocationPolygon"
        }
      ]
    },
    "93xutthv4u8m7opuqyq": {
      "id": "93xutthv4u8m7opuqyq",
      "type": [
        "relationship"
      ],
      "iri": null,
      "name": {},
      "description": {},
      "ends": [
        {
          "name": {},
          "description": {},
          "cardinality": null,
          "concept": "s2p4trrzhsm7opt6lr",
          "iri": null
        },
        {
          "name": {
            "en": "polygon consist of point"
          },
          "description": {
            "en": "A point location in a polygon."
          },
          "cardinality": null,
          "concept": "st3p3ugey58m7opm4p5",
          "iri": "polygonConsistOfPoint"
        }
      ]
    },
    "8lldoovc4hm7opw6xo": {
      "id": "8lldoovc4hm7opw6xo",
      "type": [
        "relationship"
      ],
      "iri": null,
      "name": {},
      "description": {},
      "ends": [
        {
          "name": {},
          "description": {},
          "cardinality": null,
          "concept": "s2p4trrzhsm7opt6lr",
          "iri": null
        },
        {
          "name": {
            "en": "in polygon point"
          },
          "description": {
            "en": "For any bound area that is larger than half the earth, define a (random) point inside. "
          },
          "cardinality": null,
          "concept": "st3p3ugey58m7opm4p5",
          "iri": "inPolygonPoint"
        }
      ]
    },
    "79l9j3es45nm7otiwdy": {
      "id": "79l9j3es45nm7otiwdy",
      "type": [
        "relationship"
      ],
      "iri": null,
      "name": {},
      "description": {},
      "ends": [
        {
          "name": {},
          "description": {},
          "concept": "5d2zqjl8q0um7m6flcr",
          "iri": null
        },
        {
          "name": {
            "en": "funder name "
          },
          "description": {
            "en": "Name of the funding provider."
          },
          "concept": "http://www.w3.org/2000/01/rdf-schema#Literal",
          "iri": "funderName"
        }
      ]
    },
    "wzbwfxnbufgm7otjtgp": {
      "id": "wzbwfxnbufgm7otjtgp",
      "iri": "FunderIdentifier",
      "type": [
        "class"
      ],
      "name": {
        "en": "Funder identifier"
      },
      "description": {
        "en": "Uniquely identifies a funding entity, according to various types."
      }
    },
    "cud3alolqvlm7otk960": {
      "id": "cud3alolqvlm7otk960",
      "type": [
        "relationship"
      ],
      "iri": null,
      "name": {},
      "description": {},
      "ends": [
        {
          "name": {},
          "description": {},
          "concept": "wzbwfxnbufgm7otjtgp",
          "iri": null
        },
        {
          "name": {
            "en": "funder identifier type"
          },
          "description": {
            "en": "The type of the funderIdentifier."
          },
          "concept": "http://www.w3.org/2000/01/rdf-schema#Literal",
          "iri": "funderIdentifierType"
        }
      ]
    },
    "v6ntfot0q6km7otkp2b": {
      "id": "v6ntfot0q6km7otkp2b",
      "type": [
        "relationship"
      ],
      "iri": null,
      "name": {},
      "description": {},
      "ends": [
        {
          "name": {},
          "description": {},
          "concept": "wzbwfxnbufgm7otjtgp",
          "iri": null
        },
        {
          "name": {
            "en": "funder identifier scheme URI"
          },
          "description": {
            "en": "The URI of the funder identifier scheme."
          },
          "concept": "http://www.w3.org/2001/XMLSchema#anyURI",
          "iri": "funderIdentifierSchemeUri"
        }
      ]
    },
    "xwzsgtzwgxnm7otl5x8": {
      "id": "xwzsgtzwgxnm7otl5x8",
      "type": [
        "relationship"
      ],
      "iri": null,
      "name": {},
      "description": {},
      "ends": [
        {
          "name": {},
          "description": {},
          "cardinality": null,
          "concept": "5d2zqjl8q0um7m6flcr",
          "iri": null
        },
        {
          "name": {
            "en": "has funder identifier"
          },
          "description": {},
          "cardinality": null,
          "concept": "wzbwfxnbufgm7otjtgp",
          "iri": "hasFunderIdentifier"
        }
      ]
    },
    "a1eol0sltnm7otmd6g": {
      "id": "a1eol0sltnm7otmd6g",
      "type": [
        "relationship"
      ],
      "iri": null,
      "name": {},
      "description": {},
      "ends": [
        {
          "name": {},
          "description": {},
          "concept": "5d2zqjl8q0um7m6flcr",
          "iri": null
        },
        {
          "name": {
            "en": "award number"
          },
          "description": {
            "en": "The code assigned by the funder to a sponsored award (grant)."
          },
          "concept": "http://www.w3.org/2000/01/rdf-schema#Literal",
          "iri": "awardNumber"
        }
      ]
    },
    "belh6jsaj25m7otmtfs": {
      "id": "belh6jsaj25m7otmtfs",
      "type": [
        "relationship"
      ],
      "iri": null,
      "name": {},
      "description": {},
      "ends": [
        {
          "name": {},
          "description": {},
          "concept": "5d2zqjl8q0um7m6flcr",
          "iri": null
        },
        {
          "name": {
            "en": "award title"
          },
          "description": {
            "en": "The human readable title or name of the award (grant)."
          },
          "concept": "http://www.w3.org/2000/01/rdf-schema#Literal",
          "iri": "awardTitle"
        }
      ]
    },
    "6p4cy2m09x4m7otnba8": {
      "id": "6p4cy2m09x4m7otnba8",
      "type": [
        "relationship"
      ],
      "iri": null,
      "name": {},
      "description": {},
      "ends": [
        {
          "name": {},
          "description": {},
          "concept": "5d2zqjl8q0um7m6flcr",
          "iri": null
        },
        {
          "name": {
            "en": "award URI"
          },
          "description": {
            "en": "The URI leading to a page provided by the funder for more information about the award (grant)."
          },
          "concept": "http://www.w3.org/2001/XMLSchema#anyURI",
          "iri": "awardUri"
        }
      ]
    }
  }
}